                  epoch,         train/box_loss,         train/cls_loss,         train/dfl_loss,   metrics/precision(B),      metrics/recall(B),       metrics/mAP50(B),    metrics/mAP50-95(B),           val/box_loss,           val/cls_loss,           val/dfl_loss,                 lr/pg0,                 lr/pg1,                 lr/pg2
                      1,                0.97919,                 3.4647,                 1.3565,                0.60873,                0.89569,                0.88831,                 0.6223,                 1.4116,                 1.3258,                 1.2507,                      0,                      0,                      0
                      2,                 1.3629,                  2.846,                 1.6624,                0.60095,                0.88633,                0.88791,                0.63471,                 1.4541,                 1.3511,                 1.2632,             1.1782e-06,             1.1782e-06,             1.1782e-06
                      3,                  1.294,                 3.5817,                 1.6968,                0.53654,                0.84049,                0.83156,                0.59958,                 1.4568,                 1.3791,                 1.2746,             2.3329e-06,             2.3329e-06,             2.3329e-06
